y,id,temp_c,do_percent,do_mg_l,spc_us,sal_ppt,ph,water_level_cm,turbidity,tdn_umol_l,tdp_umol_l,po4_umol_l,si_umol_l,nox_umol_l,nh4_umol_l,toc_umol_l,cor_tdn_umol_l,cor_tdp_umol_l,cor_po4_umol_l,cor_nox_umol_l,cor_nh4_umol_l
1,HIHIMANU_S4T1,28.5,127.2,7.96,48828.66667,31.83,7.846666667,,,,,,,,,,,,,,
2,HIHIMANU_S4T2,29.73333333,120,7.51,48795.66667,31.71666667,7.873333333,35,,,,,,,,,,,,,
3,HIHIMANU_S4T3,30.16666667,130.6333333,8.12,48881.33333,31.78,2470.94,31,,,,,,,,,,,,,
4,HIHIMANU_S4T4,30.8,121.3666667,8.596666667,44659.33333,30.28666667,7.896666667,26,,,,,,,,,,,,,
5,HIHIMANU_S4T01,28.4,94.13333333,6.103333333,47221.66667,30.61666667,7.736666667,21.5,,,,,,,,,,,,,
6,HIHIMANU_S4T02,30.16666667,124.6,7.76,47158.66667,30.51,7.873333333,21.66666667,,,,,,,,,,,,,
7,HIHIMANU_S4T03,31.2,180.7333333,11.01,50109,32.63,8.05,58,,,,,,,,,,,,,
8,HIHIMANU_S4T04,31.75,199.15,12.33,49613,32.265,8.225,56,,,,,,,,,,,,,
9,HIHIMANU_S4T05,30.13333333,153.9666667,9.706666667,48990,31.79666667,8.146666667,56,,,,,,,,,,,,,
10,HIHIMANU_S4T06,29,132.5666667,8.226666667,46054,29.81333333,8.126666667,46.33333333,,,,,,,,,,,,,
11,HIHIMANU_S4T07,29.5,56.56666667,4.203333333,48322.33333,31.39333333,7.766666667,44.33333333,,,,,,,,,,,,,
12,HIHIMANU_S4T08,27.63333333,73.93333333,5.036666667,36369,22.87666667,7.646666667,23.33333333,,,,,,,,,,,,,
13,HIHIMANU_S4T09,31.46666667,82.03333333,4.986666667,48506.66667,31.44666667,7.726666667,24.33333333,,,,,,,,,,,,,
14,HIHIMANU_S4T10,32.13333333,181.8,11.2,46318,29.92,8.02,26.33333333,,,,,,,,,,,,,
15,HIHIMANU_S4T11,31.03333333,186.8333333,11.59666667,50811,33.13,8.053333333,71.66666667,,,,,,,,,,,,,
16,HIHIMANU_S4T12,31.16666667,191.4333333,11.79,50933.66667,33.27666667,8.07,,,,,,,,,,,,,,
17,KEALOHI_S2T1,28.15,109,8.555,51702,33.915,7.9,,,,,,,,,,,,,,
18,KEALOHI_S2T2,28.75,114,7.385,47527.5,30.74,7.86,25,,,,,,,,,,,,,
19,KEALOHI_S2T3,28.7,94.7,6.32,43747.5,28.53,7.8,24.5,,,,,,,,,,,,,
20,KEALOHI_S2T4,29.65,105.6,7.055,42174.5,26.94,7.865,38.5,,,,,,,,,,,,,
21,KEALOHI_S2T01,26.4,107.45,7.25,44096.5,28.41,7.795,19,,,,,,,,,,,,,
22,KEALOHI_S2T02,29,124.6,8.275,41311.5,26.34,7.755,12,,,,,,,,,,,,,
23,KEALOHI_S2T03,29.1,151.55,9.75,49545.5,32.405,7.99,41.5,,,,,,,,,,,,,
24,KEALOHI_S2T04,29.2,158.2,10.065,51839,33.94,7.995,77,,,,,,,,,,,,,
25,KEALOHI_S2T05,30.4,172.85,11.385,37482,24.05,8.14,62,,,,,,,,,,,,,
26,KEALOHI_S2T06,29.95,106.2,6.475,48907.5,31.585,7.915,32,,,,,,,,,,,,,
27,KEALOHI_S2T07,27.5,109.05,7.445,43991.5,28.29,8.06,39.5,,,,,,,,,,,,,
28,KEALOHI_S2T08,26.85,89.95,6.33,40939,26.375,7.965,23.5,,,,,,,,,,,,,
29,KEALOHI_S2T09,29.25,46.1,2.91,44938,28.945,7.66,17,,,,,,,,,,,,,
30,KEALOHI_S2T10,29.95,144.8,9.315,45020.5,29.03,7.495,17,,,,,,,,,,,,,
31,KEALOHI_S2T11,29.5,157,1.885,49810,32.505,7.965,45,,,,,,,,,,,,,
32,KEALOHI_S2T12,29.7,149.5,9.47,50140,32.715,8,62,,,,,,,,,,,,,
33,HEEIA_MULIWAI_S3T1,29.25,106.05,6.705,52073.5,34.15,7.82,,,,,,,,,,,,,,
34,HEEIA_MULIWAI_S3T2,30.45,118,7.24,51020,33.175,7.83,36,,,,,,,,,,,,,
35,HEEIA_MULIWAI_S3T3,30.7,129.5,7.975,51055,33.15,7.835,24.5,,,,,,,,,,,,,
36,HEEIA_MULIWAI_S3T4,31.35,142.4,8.455,47471,31.065,7.82,36.5,,,,,,,,,,,,,
37,HEEIA_MULIWAI_S3T01,25.75,98.9,7.645,15543.5,9.055,7.185,13,,,,,,,,,,,,,
38,HEEIA_MULIWAI_S3T02,28.6,94.3,6.88,15598,9.075,7.56,18,,,,,,,,,,,,,
39,HEEIA_MULIWAI_S3T03,31.35,177.4,11.205,38923.5,24.98,8.04,66,,,,,,,,,,,,,
40,HEEIA_MULIWAI_S3T04,30.35,156.05,9.885,48519.5,31.615,8.03,85,,,,,,,,,,,,,
41,HEEIA_MULIWAI_S3T05,29.9,128.5,8.145,50037.5,32.655,7.865,62.5,,,,,,,,,,,,,
42,HEEIA_MULIWAI_S3T06,28.35,120.1,7.93,30383,18.725,7.585,38,,,,,,,,,,,,,
43,HEEIA_MULIWAI_S3T07,27.1,75.6,5.39,29541,18.135,7.25,22,,,,,,,,,,,,,
44,HEEIA_MULIWAI_S3T08,26.6,71.2,5.065,31032.5,19.25,7.465,12.5,,,,,,,,,,,,,
45,HEEIA_MULIWAI_S3T09,26.95,82.8,5.985,25913,15.69,7.3,12,,,,,,,,,,,,,
46,HEEIA_MULIWAI_S3T10,33.3,172.3,10.735,35951.5,22.805,7.96,41.5,,,,,,,,,,,,,
47,HEEIA_MULIWAI_S3T11,31.6,169.6,10.65,45946,29.475,8.02,75,,,,,,,,,,,,,
48,HEEIA_MULIWAI_S3T12,31.6,171.4,10.66,46669.5,30.16,7.96,62,,,,,,,,,,,,,
49,WAIKOLU_S1T1,26.05,55,4.445,174.45,0.08,6.57,,,,,,,,,,,,,,
50,WAIKOLU_S1T2,27.9,60.6,4.68,195.4,0.09,6.705,21,,,,,,,,,,,,,
51,WAIKOLU_S1T3,28.6,61.9,4.795,200.05,0.09,7.005,20,,,,,,,,,,,,,
52,WAIKOLU_S1T4,28.25,66.9,5.115,201.25,0.09,7.22,23,,,,,,,,,,,,,
53,WAIKOLU_S1T01,25.6,34.9,2.79,214.7,0.1,6.58,27.5,,,,,,,,,,,,,
54,WAIKOLU_S1T02,28.15,45.4,3.595,220.4,0.105,7.545,23,,,,,,,,,,,,,
55,WAIKOLU_S1T03,29.95,38.5,2.87,219.9,0.1,7.1,19,,,,,,,,,,,,,
56,WAIKOLU_S1T04,28.56666667,10.67333333,143.18,268.3,0.126666667,7.676666667,23,,,,,,,,,,,,,
57,WAIKOLU_S1T05,26.2,29.75,2.285,245.05,0.115,7.46,21.5,,,,,,,,,,,,,
58,WAIKOLU_S1T06,25.5,28.1,2.17,224.5,0.1,7.55,19,,,,,,,,,,,,,
59,WAIKOLU_S1T06,25.2,30.4,2.38,236.4,0.11,7.56,17,,,,,,,,,,,,,
60,WAIKOLU_S1T07,25.35,23.55,1.81,252.75,0.12,7.66,21,,,,,,,,,,,,,
61,WAIKOLU_S1T08,25.5,23,1.785,246.3,0.115,7.49,22.5,,,,,,,,,,,,,
62,WAIKOLU_S1T09,28.6,43.45,3.125,223.7,0.105,7.515,21,,,,,,,,,,,,,
63,WAIKOLU_S1T10,31.95,35.65,2.455,295.7,0.14,7.425,24.5,,,,,,,,,,,,,
64,WAIKOLU_S1T11,31.55,20.95,1.495,273.95,0.125,7.375,24,,,,,,,,,,,,,
65,WAIKOLU_S1T12,32.2,32.7,2.32,225.2,0.1,7.24,17,,,,,,,,,,,,,
66,Papahana.AUWAI_43656,22.55,154.9,13.325,197.65,0.09,7.435,,,,,,,,,,,,,,
67,Papahana.AUWAI_43656,22.1,149.3,14.235,189.2,0.09,7.2,,,,,,,,,,,,,,
68,Papahana.AUWAI_43656,23.35,136.55,11.87,195.9,0.09,7.33,,,,,,,,,,,,,,
69,Papahana.HOI_43656,24.2,165.3,13.175,196.35,0.09,7.375,,,,,,,,,,,,,,
70,PUNAWAI_WELL_43656,20.75,157.85,14.045,180.7,0.08,7.67,,,,,,,,,,,,,,
71,Papahana.KAHAWAI_1_43656,21.8,158.25,14.065,155.1,0.07,7.59,,,,,,,,,,,,,,
72,Papahana.KAHAWAI_2_43656,22.8,161.65,13.625,158.05,0.07,7.775,,,,,,,,,,,,,,
73,Papahana.KAHAWAI_3_43656,23.95,157.15,13.04,159.9,0.07,7.78,,,,,,,,,,,,,,
74,PUNAWAI_WELL_43656,21.93333333,143.4,12.37666667,348.0666667,0.166666667,8.02,,,,,,,,,,,,,,
75,DOCK_43657,30.9,163.9,11.225,34209.5,21.03,8.025,,,,,,,,,,,,,,
76,HAU_43657,29.9,169.85,11.225,31780.5,19.065,7.945,,,,,,,,,,,,,,
77,HIHIMANU_43657,31.3,232.75,14.295,47100,30.435,8.155,,,,,,,,,,,,,,
78,KAHOOKELE_43657,31.55,184.4,11.68,48261,31.34,8.06,,,,,,,,,,,,,,
79,KKO_S1.AUWAI_1_43658,24.8,34.25,2.815,230.25,0.11,7.135,,,,,,,,,,,,,,
80,KKO_S3.AUWAI_DAM_43658,23.65,115.85,9.62,181.5,0.08,7.32,,,,,,,,,,,,,,
81,KKO_S5.EXIT_AUWAI_43658,29.9,16.3,1.545,340.3,0.17,2.135,,,,,,,,,,,,,,
82,KKO_S2.LOI_HOI_ 1_43658,27.35,62.35,4.92,235,0.11,7.12,,,,,,,,,,,,,,
83,KKO_S4.NEW_ LOI_AUWAI_43658,24.1,143.6,12.035,181.25,0.08,7.585,,,,,,,,,,,,,,
84,KKO_S6.LOI_3_43658,27.6,110.8,8.805,230.55,0.11,6.805,,,,,,,,,,,,,,
85,Buzz_43665,26.4,124.8,8.78,32.3,20.1,8.07,,,,,,,,,,,,,,
86,Hamakua_43665,33.3,7.8,0.39,32.3,19.96,7.46,,,,,,,,,,,,,,
87,Ulupo.Kawainui_43665,26.9,9.6,0.68,509,0.24,7.81,,,,,,,,,,,,,,
88,Ulupo.Kawainui_pipe_43665,26.6,147.6,11.83,497,0.24,7.91,,,,,,,,,,,,,,
89,Ulupo.Hoi_43665,27.7,145,10.04,911,0.44,7.08,,,,,,,,,,,,,,
90,Ulupo.Spring_43665,25.6,121.6,9.41,595,0.29,7.08,,,,,,,,,,,,,,
91,Kaha_43665,26.2,60.8,4.67,7964,4.4,7.1,,,,,,,,,,,,,,
92,Pikoakea_43815,20.6,129.5,11.63,21.8,0.01,7.44,,,7.11,0.87,0.85,567.1,4.39,BD <0.02,,7.11,0.87,0.85,4.39,0.014142136
93,Ulupo.Spring_43815,24.8,96.2,7.86,588,0.28,7.72,,,162.23,8.94,7.29,538.22,144.37,0.21,,162.23,8.94,7.29,144.37,0.21
94,Ulupo.Hoi_43815,24.4,120.3,9.6,642,0.31,7.47,,,227.05,6.43,4.68,550.67,198.27,3.25,,227.05,6.43,4.68,198.27,3.25
95,Ulupo.Kawainui_pipe_43815,25.5,119.5,9.77,503,0.24,7.86,,,203.52,14.28,11.67,0.73,178.33,0.03,,203.52,14.28,11.67,178.33,0.03
96,Ulupo.Kawainui_43815,25.5,119.5,9.77,503,0.24,7.86,,,52.38,2.72,1.6,97.1,28.98,10.31,,52.38,2.72,1.6,28.98,10.31
97,Waiawia_43815,24.8,9.3,0.7,78.07,4.31,7.09,,,44.76,5.9,5.03,97.15,0.24,11.48,,44.76,5.9,5.03,0.24,11.48
98,Hamakua_43815,27.2,7,0.52,17382,10.2,7.55,,,45.61,3.53,1.91,350.5,0.27,11.57,,45.61,3.53,1.91,0.27,11.57
99,Buzz_43863,24.3,103.4,9.4,14898,7.89,8.33,,,162.5683034,1.13,1.069294378,457.81,5.98,0.11,,162.5683034,1.13,1.069294378,5.98,0.11
100,Buzz_43815,23.8,102.8,8.18,14996,8.78,8.12,,,10.08597271,1.13,1.069294378,457.81,5.98,0.11,,10.08597271,1.13,1.069294378,5.98,0.11
101,Maunawili_Falls_Trailhead_43815,21.9,162,14.2,80.8,0.04,7.56,,,40.63,1.59,0.99,113.46,15.54,0.36,,40.63,1.59,0.99,15.54,0.36
102,Kapaa_Quary_Spring_43856,24.9,4.3,0.33,3432,1.8,7.62,,,216.8785985,12.9,12.6307252,582.79,0.65,30.8,,216.8785985,12.9,12.6307252,0.65,30.8
103,Kapaa_Quary_Spring_43856,24.8,5.6,0.44,1078,0.53,7.01,,,66.5383737,0.97,0.830124829,777.52,47.97,BD <0.02,,66.5383737,0.97,0.830124829,47.97,0.014142136
104,Kaha_43856,27.6,120.4,8.6,14314,8.26,7.89,,,53.05046878,3.68,3.654432398,613.32,0.11,19.03,,53.05046878,3.68,3.654432398,0.11,19.03
105,Kaha_43815,26.5,31.1,2.2,49125,32.16,7.02,,,12.41180638,0.39,0.374231196,541.21,0.37,2.59,,12.41180638,0.39,0.374231196,0.37,2.59
106,Sherines_House_43856,26.2,80.2,5.23,41141,26.3,7.8,,,16.22531402,0.83,0.767337578,565.67,0.84,1.13,,16.22531402,0.83,0.767337578,0.84,1.13
107,Sherines_House_43815,26.2,60,3.6,48770,31.88,7.43,,,16.22531402,0.83,0.767337578,565.67,0.84,1.13,,16.22531402,0.83,0.767337578,0.84,1.13
108,Mokapu_ Outlet_43856,26.4,161.12,10.44,50603,32.37,5.3,,,6.693431096,0.31,0.280981103,65.63,0.39,0.36,,6.693431096,0.31,0.280981103,0.39,0.36
109,W.Kailua_Bay_1_43856,25.6,161.7,10.4,52420,34.51,7.7,,,5.35009616,0.31,0.218426916,12.15,0.2,0.16,,5.35009616,0.31,0.218426916,0.2,0.16
110,W.Kailua_Bay_2_43856,25.2,152,102.3,520529,34.26,7.6,,,4.606752209,0.23,0.166127514,2.71,0.01,0.17,,4.606752209,0.23,0.166127514,0.01,0.17
111,W.Kailua_Bay_CoralReef_43856,26.1,167.7,11.21,51735,33.94,8.2,,,5.270794519,0.25,0.182814845,9.19,0.03,0.1,,5.270794519,0.25,0.182814845,0.03,0.1
112,W.Kailua_Bay_CoralReef_43856,26.1,167.7,11.21,51735,33.94,8.2,,,162.5683034,3.13,2.877865513,3.38,6.22,117.05,,162.5683034,3.13,2.877865513,6.22,117.05
113,W.Kailua_Bay_CoralReef_43856,26.1,167.7,11.21,51735,33.94,8.2,,,628.778292,13.15,10.92302386,5.19,0.32,265.48,,628.778292,13.15,10.92302386,0.32,265.48
114,E.Kailua_Bay_1_43863,24.3,131,8.8,51603,34.02,7.76,,,5.523514033,0.29,0.213019848,9.73,0.4,0.31,,5.523514033,0.29,0.213019848,0.4,0.31
115,E.Kailua_Bay_2_43863,24.6,132,9.06,52416,34.49,7.89,,,4.384097602,0.22,0.12380322,2.64,0.09,BD <0.02,,4.384097602,0.22,0.12380322,0.09,0.014142136
116,E.Kailua_Bay_CoralReef_43863,24.1,132,10.3,53723,34.6,7.83,,,4.89476531,0.25,0.135269934,10.16,0.06,BD <0.02,,4.89476531,0.25,0.135269934,0.06,0.014142136
117,E.Kailua_Bay_CoralReef_43863,24.1,132,10.3,53723,34.6,7.83,,,4.89476531,0.25,0.135269934,10.16,0.06,BD <0.02,,4.89476531,0.25,0.135269934,0.06,0.014142136
118,E.Kailua_Bay_CoralReef_43863,24.1,132,10.3,53723,34.6,7.83,,,4.89476531,0.25,0.135269934,10.16,0.06,BD <0.02,,4.89476531,0.25,0.135269934,0.06,0.014142136
119,Mauka_Lunahai_43815,22.2,175.4,14.02,186.2,0.09,6.7,,,7.24,0.52,0.48,653.9,1.98,0.14,,7.24,0.52,0.48,1.98,0.14
120,Kaleos_House_43815,22.2,138.9,12.13,185.7,0.09,7.52,,,7.24,0.52,0.48,653.9,0.9,BD <0.02,,7.24,0.52,0.48,0.9,0.014142136
121,Kahanaiki_stream_43815,22.7,126.6,10.48,209.1,0.1,7.18,,,6.45,0.44,0.37,626.79,2.14,BD <0.02,,6.45,0.44,0.37,2.14,0.014142136
122,Bayfront_42569,,,,,,,,,,,,,,,,,,,,
123,Honolii_42569,,,,,,,,,,,,,,,,,,,,
124,Onekahakaha_42569,,,,,,,,,,,,,,,,,,,,
125,Richardson_42569,,,,,,,,,,,,,,,,,,,,
126,Bayfront_42892,23.76666667,90.06666667,6.83,,17.56666667,,49.5,3.693333333,,,,,,,,,,,,
127,Honolii_42892,25,97.83333333,6.903333333,,28.83333333,,44.2,0.43,,,,,,,,,,,,
128,Onekahakaha_42892,22.96666667,103.4666667,7.863333333,,15.16666667,,51.4,1.543333333,,,,,,,,,,,,
129,Richardson_42892,24.63333333,99.03333333,7.04,,27.36666667,,55.7,1.113333333,,,,,,,,,,,,
130,Bayfront_42900,25.86666667,101.7,6.996666667,,28.26666667,,49.4,2.04,,,,,,,,,,,,
131,Honolii_42900,24.5,108.2,7.693333333,,28.66666667,,53.7,0.406666667,,,,,,,,,,,,
132,Onekahakaha_42900,24.93333333,107.4333333,8.026666667,,29.63333333,,45,0.616666667,,,,,,,,,,,,
133,Richardson_42900,23.8,91.2,6.596666667,,25.66666667,,40.7,0.836666667,,,,,,,,,,,,
134,Bayfront_42915,24.5,104.8333333,7.733333333,,21.13333333,,42.7,5.096666667,,,,,,,,,,,,
135,Honolii_42915,24.86666667,105.4,7.386666667,,30.53333333,,62.6,0.433333333,,,,,,,,,,,,
136,Onekahakaha_42915,25.7,106.7666667,7.116666667,,35.06666667,,51.2,0.63,,,,,,,,,,,,
137,Richardson_42915,24.76666667,98.73333333,7.05,,30.13333333,,48.3,0.543333333,,,,,,,,,,,,
138,Puhi_Bay_43055,18.8,90.26666667,8.016666667,,12.08666667,,24.5,0.216666667,,,1.77,94.14,40.08,2.84,,,,1.77,40.08,2.84
139,Reeds_Bay_43055,22.2,79.13333333,6.43,,15.13333333,,18.4,38.96666667,,,0.64,12.06,21.88,5.49,,,,0.64,21.88,5.49
140,Puhi_Bay_43076,20.8,86,6.966666667,,18.4,,12.1,1.343333333,,,0.71,85,26.03,5.14,,,,0.71,26.03,5.14
141,Reeds_Bay_43076,21,82.96666667,6.68,,18.1,,17.3,7.536666667,,,0.62,62.57,22.4,3.45,,,,0.62,22.4,3.45
142,Puhi_Bay_43124,20.86666667,76.26666667,6.263333333,,15,,51.5,0.383333333,,,0.82,79.36,36.52,0.76,,,,0.82,36.52,0.76
143,Reeds_Bay_43124,18.9,87.7,7.856666667,,7.666666667,,49.1,4.453333333,,,0.78,51.78,28.34,0.92,,,,0.78,28.34,0.92
144,Puhi_Bay_43152,19.03333333,73.73333333,6.466666667,,8.333333333,,54,0.473333333,,,1.81,141.5,38.25,2.77,,,,1.81,38.25,2.77
145,Reeds_Bay_43152,21.5,70.73333333,5.833333333,,16.13333333,,55.4,0.86,,,1.37,154.4,24.65,0.84,,,,1.37,24.65,0.84
146,Puhi_Bay_43159,21.23333333,67.7,5.53,,13.7,,13.4,21.53333333,,,,,,,,,,,,
147,Reeds_Bay_43159,18.7,77.86666667,6.98,,6.533333333,,6.3,0.363333333,,,,,,,,,,,,
148,Onekahakaha_43166,22.73333333,85.46666667,6.153333333,,34.1,,35.9,1.656666667,,,0.03,15.68,0.94,0.19,,,,0.03,0.94,0.19
149,Richardson_43166,22.03333333,85.76666667,6.476666667,,27.16666667,,35,0.82,,,0.29,36.65,4.11,0.95,,,,0.29,4.11,0.95
150,Bayfront_43180,22.93333333,82.1,5.943333333,,30.8,,28.1,130.3666667,,,0.21,42.49,5.57,0.96,,,,0.21,5.57,0.96
151,Honolii_43180,22.36666667,85.96666667,6.403333333,,27.66666667,,33,1.67,,,0.18,30.1,1.57,0.81,,,,0.18,1.57,0.81
152,Puhi_Bay_43194,22.03333333,64.06666667,5.243333333,,15,,45.3,0.3,,,0.83,84.65,38.9,0.71,,,,0.83,38.9,0.71
153,Reeds_Bay_43194,18.93333333,79.53333333,7.166666667,,6.6,,48.4,2.193333333,,,1.26,122.51,26.45,0.82,,,,1.26,26.45,0.82
154,Onekahakaha_43201,23.9,80.93333333,5.586666667,,34.46666667,,48,0.84,,,0.03,15.34,0.86,0.49,,,,0.03,0.86,0.49
155,Richardson_43201,23.16666667,85.23333333,6.166666667,,31.06666667,,51.8,0.356666667,,,0.33,54.17,4.71,0.66,,,,0.33,4.71,0.66
156,Bayfront_43208,22.03333333,84.26666667,6.633333333,,18.3,,20.7,11.44333333,,,0.19,41.95,10.01,0.65,,,,0.19,10.01,0.65
157,Honolii_43208,21.73333333,89.26666667,7.046666667,,18.96666667,,26.5,2.37,,,0.39,32.78,4.3,6.01,,,,0.39,4.3,6.01
158,Bayfront_43291,23.96666667,77.4,6.236666667,,22.3,,42,7.27,,,,,,,,,,,,
159,Honolii_43291,23.36666667,89.8,6.766666667,,20.96666667,,43.3,2.813333333,,,,,,,,,,,,
160,Onekahakaha_43291,25.06666667,64.16666667,4.546666667,,28.23333333,,35.6,0.68,,,,,,,,,,,,
161,Reeds_Bay_43291,22.3,65.3,5.223333333,,13.63333333,,37.9,11.77666667,,,,,,,,,,,,
162,Richardson_43291,23.53333333,74.5,5.576666667,,25.23333333,,35.3,0.48,,,,,,,,,,,,
163,Bayfront_43298,24.86666667,83.33333333,6.043333333,,25.9,,63.6,5.816666667,,,,,,,,,,,,
164,Honolii_43298,23.8,88.3,6.493333333,,22.96666667,,57.7,6.446666667,,,,,,,,,,,,
165,Onekahakaha_43298,25.2,76,5.15,,34.03333333,,71.5,0.85,,,,,,,,,,,,
166,Reeds_Bay_43298,21.96666667,71.16666667,5.766666667,,12.7,,68,2.96,,,,,,,,,,,,
167,Richardson_43298,24.56666667,80.03333333,5.63,,29.23333333,,75.6,1.07,,,,,,,,,,,,
168,Bayfront_43305,25,82.7,6.063333333,,24.63333333,,37.6,1.863333333,,,,,,,,,,,,
169,Honolii_43305,24.06666667,89.86666667,6.363333333,,23.5,,38.2,0.596666667,,,,,,,,,,,,
170,Onekahakaha_43305,23.86666667,83.9,5.78,,26.43333333,,39.5,15.76666667,,,,,,,,,,,,
171,Reeds_Bay_43305,21.86666667,72.1,5.806666667,,13,,35.1,11.15333333,,,,,,,,,,,,
172,Richardson_43305,23.9,89.16666667,6.396666667,,26.76666667,,37.5,5.703333333,,,,,,,,,,,,
173,Bayfront_43311,25.43333333,85.5,5.966666667,,27.8,,49.4,3.246666667,,,,,,,,,,,,
174,Honolii_43311,24.43333333,87.16666667,6.17,,27.76666667,,57.9,0.403333333,,,,,,,,,,,,
175,Onekahakaha_43311,23.56666667,65.96666667,4.826666667,,23.8,,36.3,3.07,,,,,,,,,,,,
176,Reeds_Bay_43311,22.06666667,70.66666667,5.603333333,,12.6,,45.7,2.046666667,,,,,,,,,,,,
177,Richardson_43311,23.63333333,77.33333333,5.553333333,,25.66666667,,35.5,0.7,,,,,,,,,,,,
178,Bayfront_43326,23.33333333,84.9,6.536666667,,16.13333333,,51,3.493333333,,,,,,,,,,,,
179,Honolii_43326,25.06666667,81.56666667,5.693333333,,29.06666667,,58.2,0.826666667,,,,,,,,,,,,
180,Onekahakaha_43326,24.2,67.76666667,4.886666667,,24.86666667,,38.2,1.03,,,,,,,,,,,,
181,Reeds_Bay_43326,22.06666667,73,6.03,,12.1,,45.5,4.02,,,,,,,,,,,,
182,Richardson_43326,24.56666667,78.2,5.91,,26.26666667,,34.2,0.613333333,,,,,,,,,,,,
183,Bayfront_43327,24.9,80.83333333,5.44,,24.46666667,,68.6,7.603333333,,,,,,,,,,,,
184,Honolii_43327,25.03333333,81.66666667,5.73,,28.53333333,,72,0.596666667,,,,,,,,,,,,
185,Onekahakaha_43327,24.36666667,64.66666667,4.6,,27.43333333,,57.2,1.376666667,,,,,,,,,,,,
186,Reeds_Bay_43327,21.7,69.26666667,5.74,,11.7,,63.3,0.823333333,,,,,,,,,,,,
187,Richardson_43327,24.76666667,75.93333333,5.35,,27.93333333,,53.6,0.536666667,,,,,,,,,,,,
188,Bayfront_43340,23.66666667,91.3,6.983333333,,18.23333333,,42.4,13.86666667,,,,,,,,,,,,
189,Honolii_43340,24.4,85.83333333,7.036666667,,23.03333333,,49.1,19.6,,,,,,,,,,,,
190,Onekahakaha_43340,25.03333333,87.7,6.373333333,,28.83333333,,33.9,1.75,,,,,,,,,,,,
191,Reeds_Bay_43340,21.1,77.6,6.536666667,,12.63333333,,40.7,3.79,,,,,,,,,,,,
192,Richardson_43340,24.23333333,94.3,7.863333333,,25.53333333,,34.2,0.583333333,,,,,,,,,,,,
193,Bayfront_43367,24.5,75.03333333,5.48,,23.26666667,,29.9,5.626666667,,,,,,,,,,,,
194,Honolii_43367,25.7,80.43333333,5.576666667,,28.73333333,,33.1,7.8,,,,,,,,,,,,
195,Onekahakaha_43367,24.33333333,61.83333333,4.45,,25.8,,28.7,1.016666667,,,,,,,,,,,,
196,Reeds_Bay_43367,21.76666667,69,5.606666667,,12.9,,33.2,2.323333333,,,,,,,,,,,,
197,Richardson_43367,23.7,71.43333333,5.316666667,,22.33333333,,31.5,0.99,,,,,,,,,,,,
198,Bayfront_43375,25.73333333,71.66666667,4.943333333,,28.63333333,,22.5,4.026666667,,,,,,,,,,,,
199,Honolii_43375,25.36666667,80.16666667,5.556666667,,29.8,,24.3,12.06666667,,,,,,,,,,,,
200,Onekahakaha_43375,24.06666667,61.86666667,4.366666667,,29,,15.6,0.99,,,,,,,,,,,,
201,Reeds_Bay_43375,20.63333333,76.1,6.34,,12.3,,18.3,1.74,,,,,,,,,,,,
202,Richardson_43375,24.76666667,73.86666667,5.18,,29.33333333,,15.4,0.703333333,,,,,,,,,,,,
203,Bayfront_43388,24.43333333,81.86666667,6.086666667,,20.26666667,,48.8,7.573333333,,,,,,,,,,,,
204,Honolii_43388,25.4,83.23333333,5.886666667,,26.1,,44.5,24.36666667,,,,,,,,,,,,
205,Onekahakaha_43388,24.76666667,57.6,4.103333333,,26.13333333,,40.9,1.793333333,,,,,,,,,,,,
206,Reeds_Bay_43388,21.7,68.06666667,5.536666667,,12.23333333,,42.2,2.5,,,,,,,,,,,,
207,Richardson_43388,25.23333333,79.06666667,5.536666667,,27.76666667,,41.1,1.036666667,,,,,,,,,,,,
208,Bayfront_43396,24.46666667,76.66666667,5.66,,21.4,,14.9,9.92,,,,,,,,,,,,
209,Honolii_43396,25.73333333,83.8,5.783333333,,29.2,,16.9,5.806666667,,,,,,,,,,,,
210,Onekahakaha_43396,23.5,66.16666667,4.966666667,,20.66666667,,18.1,1.926666667,,,,,,,,,,,,
211,Reeds_Bay_43396,21.56666667,72.56666667,5.963333333,,11.56666667,,18.1,5.73,,,,,,,,,,,,
212,Richardson_43396,23.9,73.63333333,5.42,,23.36666667,,21.7,0.623333333,,,,,,,,,,,,
213,Bayfront_43409,24.4,87.1,6.37,,23.4,,11,5.51,,,0.4,104.26,8.83,1.67,,,,0.4,8.83,1.67
214,Honolii_43409,24.4,86.8,6.323333333,,23.83333333,,7.6,10.24333333,,,0.16,78.03,3.28,0.68,,,,0.16,3.28,0.68
215,Onekahakaha_43409,23.96666667,67.16666667,4.876666667,,24.1,,12.8,1.133333333,,,0.09,125.97,10.03,0.9,,,,0.09,10.03,0.9
216,Reeds_Bay_43409,21.63333333,67.43333333,5.573333333,,10.86666667,,11.1,3.983333333,,,,,,,,,,,,
217,Richardson_43409,23.9,82.73333333,6.053333333,,24.5,,16.9,0.696666667,,,,,,,,,,,,
218,Bayfront_43416,22.9,90.1,6.913333333,,19.26666667,,24.9,7.93,,,,,,,,,,,,
219,Honolii_43416,25.96666667,89.43333333,6.096666667,,30.96666667,,27,6.206666667,,,,,,,,,,,,
220,Onekahakaha_43416,25.56666667,85.2,5.623333333,,34.06666667,,16.8,1.4,,,,,,,,,,,,
221,Puhi_Bay_43416,20.93333333,81.26666667,6.783333333,,11.23333333,,13.8,3.776666667,,,,,,,,,,,,
222,Reeds_Bay_43416,20.93333333,81.26666667,6.783333333,,11.23333333,,21.7,3.776666667,,,,,,,,,,,,
223,Richardson_43416,25.13333333,85.23333333,5.9,,30.3,,17.3,1.156666667,,,,,,,,,,,,
224,Honolii_43507,23.16666667,87.63333333,6.183333333,,33.13333333,,45.9,8.496666667,,,,,,,,,,,,
225,Puhi_Bay_43507,20.36666667,83.76666667,6.833333333,,17.16666667,,41.6,28.4,,,,,,,,,,,,
226,Reeds_Bay_43507,19.1,86.16666667,7.2,,10.3,,45.9,0.796666667,,,,,,,,,,,,
227,Honolii_43521,22.71666667,103.25,7.696666667,,25.16666667,,51.6,4.855,,,,,,,,,,,,
228,Onekahakaha_43521,22.1,81.76666667,6.236666667,,22.7,,48.1,1.423333333,,,,,,,,,,,,
229,Reeds_Bay_43521,21.3,91.26666667,7.506666667,,12.76666667,,51.8,1.026666667,,,,,,,,,,,,
230,Richardson_43521,22.15,93.1,7.11,,22.7,,47.9,0.35,,,,,,,,,,,,
231,Richardson_43521,22,93.8,7.21,,22,,47.9,0.66,,,,,,,,,,,,
232,Waimea_1_43276,26.8,102.5,6.69,56550,,6.59,,,6.91,0.25,0.16,19.88,0.625368587,0.45,,6.91,0.25,0.16,0.625368587,0.45
233,Waimea_2_43276,28.6,91.6,6.99,7595,,7.73,,,17.8,0.14,0.09,126.91,1.327536825,0.82,,17.8,0.14,0.09,1.327536825,0.82
234,Waimea_3_43276,28.6,9.09,7.09,7038,,7.55,,,9.15,0.16,0.13,132.42,0.7370185,0.04,,9.15,0.16,0.13,0.7370185,0.04
235,Waimea_4_43276,29.4,77.3,5.65,7934,,7.49,,,14.2,0.23,0.22,136.45,2.487276094,2.26,,14.2,0.23,0.22,2.487276094,2.26
236,Waimea_5_43276,26.1,101.1,8.15,95.3,,7.14,,,8.66,0.2,0.03,108.48,2.252359514,0.05,,8.66,0.2,0.03,2.252359514,0.05
237,Waimea_6_43276,25.8,111.9,9.11,90.8,,6.83,,,4.32,0.14,0.07,48.24,1.579878536,0.09,,4.32,0.14,0.07,1.579878536,0.09
238,Waimea_7_43276,25.6,106,8.6,89.5,,7.36,,,10.86,0.23,0.08,114.06,2.063264575,1.17,,10.86,0.23,0.08,2.063264575,1.17
239,Waimea_8_43276,25.1,102.2,8.4,87.2,,6.54,,,15.43,0.14,0.08,111.3,0.699586737,0.22,,15.43,0.14,0.08,0.699586737,0.22
240,Waimea_9_43276,25.4,98.5,8.02,86.9,,7.25,,,6.1,0.18,0.12,130.84,0.489839791,0.3,,6.1,0.18,0.12,0.489839791,0.3
241,Waimea_10_43276,24.5,105.6,8.79,86.5,,7.34,,,5.26,0.14,0.03,102.78,0.449181152,0.09,,5.26,0.14,0.03,0.449181152,0.09
242,Waimea_11_43276,24.6,105.9,8.79,86.5,,7.34,,,9.79,0.13,0.08,111.7,0.797683771,0.48,,9.79,0.13,0.08,0.797683771,0.48
243,Waimea_1_43278,26.6,98.9,5.82,56628,,,,,6.69,1.29,0.6,9.58,0.41,0.59,,6.69,1.29,0.6,0.41,0.59
244,Waimea_2_43278,27.3,85.4,6.24,42658,,,,,26.2,1.92,1.68,60.82,0.88,17.8,,26.2,1.92,1.68,0.88,17.8
245,Waimea_3_43278,28.4,80.2,5.92,14320,,,,,50.98,0.7,0.56,140.32,1.96,20.95,,50.98,0.7,0.56,1.96,20.95
246,Waimea_4_43278,25,97.4,7.87,1.044,,,,,11.28,4.8,4.11,169.63,0.58,1.01,,11.28,4.8,4.11,0.58,1.01
247,Waimea_5_43278,24.4,102.6,8.47,8.39,,,,,9.2,1.62,1.09,136.28,0.97,0.21,,9.2,1.62,1.09,0.97,0.21
248,Waimea_6_43278,24.4,106.9,8.93,8.29,,,,,7.22,3.33,2.75,149.02,0.91,0.22,,7.22,3.33,2.75,0.91,0.22
249,Waimea_7_43278,24.2,104,8.74,81.8,,,,,7.69,0.26,0.24,147.31,0.38,0.39,,7.69,0.26,0.24,0.38,0.39
250,Waimea_8_43278,24,103.1,8.67,81,,,,,7.18,0.27,0.26,150.89,0.22,0.42,,7.18,0.27,0.26,0.22,0.42
251,Waimea_9_43278,24,103.1,8.63,80.6,,,,,12.62,0.23,0.13,139.89,0.19,0.11,,12.62,0.23,0.13,0.19,0.11
252,Waimea_10_43278,24.1,103.4,8.71,81.6,,,,,5.72,0.23,0.17,148.35,0.31,0.07,,5.72,0.23,0.17,0.31,0.07
253,Waimea_11_43278,24.1,101.3,8.45,80.7,,,,,5.51,0.52,0.47,141.97,0.21,0.14,,5.51,0.52,0.47,0.21,0.14
254,Waimea_1_43438,25.2,114.3,7.46,60627,,8.07,,,4.83,0.19,0.1,2.37,0.57,0.97,,4.83,0.19,0.1,0.57,0.97
255,Waimea_2_43438,21.8,101.8,8.8,5184,,7.33,,,9.95,0.09,0.08,126.13,3.74,0.06,,9.95,0.09,0.08,3.74,0.06
256,Waimea_3_43438,21.9,104.3,8.97,1207,,7.04,,,11.23,0.08,0.03,52.07,4.03,2,,11.23,0.08,0.03,4.03,2
257,Waimea_4_43438,22.2,115.7,10.06,171.6,,7.03,,,7.9,0.08,0.06,121.02,1.45,0.06,,7.9,0.08,0.06,1.45,0.06
258,Waimea_5_43438,21.5,114.5,10.04,87.8,,7.09,,,9.09,0.08,0.03,63.06,1.45,0.06,,9.09,0.08,0.03,1.45,0.06
259,Waimea_6_43438,21.4,117.5,10.39,87.5,,7.3,,,6.84,0.08,0.01,56.38,1.43,BD <0.02,,6.84,0.08,0.01,1.43,0.014142136
260,Waimea_7_43438,21.4,118.4,10.39,83.3,,7.34,,,7.43,0.08,0.05,36.78,0.8,0.04,,7.43,0.08,0.05,0.8,0.04
261,Waimea_8_43438,21.3,132.4,11.49,82.7,,7.28,,,7.44,0.08,0.04,106.35,0.48,BD <0.02,,7.44,0.08,0.04,0.48,0.014142136
262,Waimea_9_43438,21.2,123.9,10.93,83.2,,6.98,,,8.05,0.08,0.02,75.78,0.23,BD <0.02,,8.05,0.08,0.02,0.23,0.014142136
263,Waimea_10_43438,21.3,116.7,10.34,81.2,,6.78,,,63.94,0.14,0.09,85.62,0.04,BD <0.02,,63.94,0.14,0.09,0.04,0.014142136
264,Waimea_11_43438,21.2,119.6,10.59,83.1,,6.82,,,5.65,0.08,0.01,62.85,0.04,BD <0.02,,5.65,0.08,0.01,0.04,0.014142136
265,Waimea_1_43447,24.5,116,7.77,61183,,8.06,,,6.01,0.18,0.16,35.6,0.87,0.55,,6.01,0.18,0.16,0.87,0.55
266,Waimea_2_43447,21.7,113,9.64,1353,,7.07,,,17.69,0.15,0.14,103.39,4.6,2.18,,17.69,0.15,0.14,4.6,2.18
267,Waimea_3_43447,21.3,111.8,9.94,1354,,7.06,,,22.68,0.39,0.31,113.41,3.9,2.27,,22.68,0.39,0.31,3.9,2.27
268,Waimea_4_43447,21.3,115,10.25,886,,7.01,,,13.5,0.17,0.11,99.91,3.1,1.55,,13.5,0.17,0.11,3.1,1.55
269,Waimea_5_43447,21.3,118.2,10.47,91.8,,6.96,,,14.33,0.1,0.08,89.57,2.81,0.87,,14.33,0.1,0.08,2.81,0.87
270,Waimea_6_43447,21.2,133.5,11.71,91.3,,7.04,,,12.43,0.1,0.08,89.42,2.8,0.63,,12.43,0.1,0.08,2.8,0.63
271,Waimea_7_43447,21.1,122.4,10.91,88.9,,6.92,,,10.67,0.09,0.07,85.06,1.23,0.67,,10.67,0.09,0.07,1.23,0.67
272,Waimea_8_43447,21,124.2,11.03,88.9,,6.93,,,10.83,0.09,0.05,76.9,1.28,0.51,,10.83,0.09,0.05,1.28,0.51
273,Waimea_9_43447,20.9,121,10.76,87.6,,7.46,,,12.38,0.1,0.09,103.04,0.96,0.51,,12.38,0.1,0.09,0.96,0.51
274,Waimea_10_43447,20.9,127.2,11.3,84.9,,6.96,,,8.17,0.09,0.03,64.48,0.95,0.4,,8.17,0.09,0.03,0.95,0.4
275,Waimea_11_43447,20.9,121.1,10.79,87.5,,7.22,,,9.18,0.08,0.02,48.62,1.07,0.4,,9.18,0.08,0.02,1.07,0.4
276,KalepaB.Kope.muliwai_43625,27.5,49.9,3.87,717,0.35,7.5,,,60.65,0.93,0.86,617.6,45.88,BD <0.02,,60.65,0.93,0.86,45.88,0.014142136
277,Waihee.muliwai.1_43625,24.5,134.9,11.255,74.85,0.03,7.56,,,5.68,0.56,0.5,355.04,0.06,2.47,,5.68,0.56,0.5,0.06,2.47
278,Waihee.muliwai.2_43625,24.9,142.05,11.76,74.9,0.03,7.65,,,4.08,0.54,0.49,345.47,0.03,1.81,,4.08,0.54,0.49,0.03,1.81
279,Waihee.muliwai.3_43625,25.75,140.1,11.425,75.2,0.03,7.85,,,4.53,0.56,0.51,345.87,0.29,1.18,,4.53,0.56,0.51,0.29,1.18
280,Waiehu.loi.Auwai.Pipe_43625,25,138.5,11.25,73,0.03,7.08,,,5.51,0.71,0.68,367.74,0.09,1.65,,5.51,0.71,0.68,0.09,1.65
281,Waiehu.Auwai.Low.Loi.E_43625,32.1,90,6.1,74,0.03,6.84,,,8.8,0.59,0.51,364.13,0.04,2.32,,8.8,0.59,0.51,0.04,2.32
282,Mokuleia.Punawai_43626,18.2,98.05,9.2,934.5,,8.965,,,91.52,2.48,2.03,566.06,74.68,1.31,,91.52,2.48,2.03,74.68,1.31
283,Honokohau.muliwai_43626,25.5,106.15,8.695,93.45,,7.935,,,4.33,0.46,0.35,367.24,0.09,0.56,,4.33,0.46,0.35,0.09,0.56
284,Honokohau.crossing_43626,23.9,109.6,9.11,91.25,,7.67,,,6.6,0.6,0.55,393.69,1.01,0.65,,6.6,0.6,0.55,1.01,0.65
285,Honokohau.loi.hoi_43626,24.1,113.3,9.49,90.9,,7.84,,,3.87,0.48,0.39,393.81,0.01,0.38,,3.87,0.48,0.39,0.01,0.38
286,Honolua.kahwai.uka.1.K_43626,23.3,131.2,11.145,66.25,0.03,6.97,,,8.28,0.22,0.13,178.95,0.23,0.89,,8.28,0.22,0.13,0.23,0.89
287,Honolua.kahwai.uka.2.L_43626,24,110.3,9.215,66,0.03,7.295,,,9.75,0.17,0.11,178.48,0.1,1.02,,9.75,0.17,0.11,0.1,1.02
288,Honolua.kahwai.uka.3.M_43626,24.1,144.2,12.065,65.1,0.03,6.81,,,8.24,0.2,0.14,167.11,0.37,0.82,,8.24,0.2,0.14,0.37,0.82
289,Honolua.kaawai.uka.t24.N_43626,,,,,,,,,8.16,0.14,0.09,170.61,0.02,0.9,,8.16,0.14,0.09,0.02,0.9
290,Honokohau.Transect.1.O_43627,19.7,112.55,10.4,83.25,0.04,7.775,,,6.5,0.62,0.42,405.93,0.05,4.18,,6.5,0.62,0.42,0.05,4.18
291,Honokohau.Transect.6.P_43627,19.85,110.05,10,83.65,0.04,7.68,,,7.2,0.68,0.53,433.23,0.52,3.46,,7.2,0.68,0.53,0.52,3.46
292,_43627,20.6,99.5,8.86,79.2,0.04,7.72,,,,,,,,,,,,,,
293,_43627,20.7,110.3,9.99,79.2,0.04,7.92,,,,,,,,,,,,,,
294,_43627,20.7,110.3,9.78,79.3,0.04,7.87,,,,,,,,,,,,,,
295,Honokohau.Transect.15.Q_43627,20.7,104.4,9.52,79.2,0.04,8,,,5.66,0.47,0.44,422.33,0.02,1.68,,5.66,0.47,0.44,0.02,1.68
296,_43627,20.7,106.5,9.47,79.3,0.04,7.87,,,,,,,,,,,,,,
297,_43627,20.7,107.2,9.24,79.2,0.04,8.02,,,,,,,,,,,,,,
298,_43627,20.7,108.3,9.71,78.4,0.04,8.21,,,,,,,,,,,,,,
299,_43627,20.8,115,10.19,79.2,0.04,7.92,,,,,,,,,,,,,,
300,_43627,20.7,110.4,9.91,79.1,0.04,8.06,,,,,,,,,,,,,,
301,_43627,20.6,109.2,9.8,79.2,0.04,8.02,,,,,,,,,,,,,,
302,_43627,20.6,113.1,10.09,78.6,0.04,8.05,,,,,,,,,,,,,,
303,_43627,20.8,123.2,10.69,78.8,0.04,8.23,,,,,,,,,,,,,,
304,_43627,20.8,114,10.13,78.4,0.04,7.88,,,,,,,,,,,,,,
305,_43627,20.7,11850,10.4,79,0.04,8.23,,,,,,,,,,,,,,
306,Honokohau.USGS.gauge.upstream_43627,,,,,,,,,4.82,0.48,0.33,193.96,0.01,1.13,,4.82,0.48,0.33,0.01,1.13
307,Honokohau.Bowl_43627,,,,,,,,,11.48,0.41,0.22,120.36,5.54,0.09,,11.48,0.41,0.22,5.54,0.09
308,Honokohau.Right.wall_43627,,,,,,,,,12.51,0.4,0.25,186.69,10.34,BD <0.02,,12.51,0.4,0.25,10.34,0.014142136
309,Honokohau.Right.bowl_43627,,,,,,,,,13.17,0.78,0.59,171.13,6.52,4.23,,13.17,0.78,0.59,6.52,4.23
310,Waikapu.Kealia.muliwai_43628,28.8,128.8,9.735,1665.5,0.835,8.14,,,,,,,,,,,,,,
311,Olowalu.8.Mauka.beta_43628,24.2,142.35,11.86,244.9,0.11,8.235,,,7,0.85,0.77,629.99,2.41,BD <0.02,,7,0.85,0.77,2.41,0.014142136
312,Olowalu.bridge.gamma_43628,25.35,139,11.33,242.35,0.11,8.025,,,8.42,0.87,0.82,617.91,3.55,BD <0.02,,8.42,0.87,0.82,3.55,0.014142136
313,Waikapu.poowai_43628,19.9,112.85,10.255,122,0.06,7.69,,,8.23,0.73,0.71,562.07,3.4,2.2,,8.23,0.73,0.71,3.4,2.2
314,Waikapu.Shimizu_43628,20.1,105.35,9.82,121.65,0.06,7.605,,,10.57,0.78,0.75,561.63,7.25,BD <0.02,,10.57,0.78,0.75,7.25,0.014142136
315,Waikapu.stream_43628,20.4,113.4,10.11,122.9,0.06,7.835,,,10.29,0.77,0.74,558.8,5.83,0.03,,10.29,0.77,0.74,5.83,0.03
316,Nohoana.Auwai.up_43628,21.45,79.95,6.935,122.4,0.06,7.575,,,15.04,0.92,0.87,532.6,9.18,BD <0.02,,15.04,0.92,0.87,9.18,0.014142136
317,Nohoana.Hoiwai_43628,24.3,115.75,9.55,120.7,0.06,8.55,,,9.43,0.61,0.48,484.91,4.74,BD <0.02,,9.43,0.61,0.48,4.74,0.014142136
318,Launiupoko.mauka_43629,22.9,139.45,11.98,89.8,0.04,7.73,,,5.55,0.37,0.36,477.12,2.27,BD <0.02,,5.55,0.37,0.36,2.27,0.014142136
319,Kohoma.mauka_43629,20.9,141.9,12.625,78.7,0.04,7.32,,,12.64,0.71,0.65,451.65,8.63,BD <0.02,,12.64,0.71,0.65,8.63,0.014142136
320,Kohoma.crossing_43629,21.5,141.25,12.37,75.2,0.035,7.21,,,11.37,0.69,0.6,445.81,7.93,BD <0.02,,11.37,0.69,0.6,7.93,0.014142136
321,Honolua.bay.right.side_43629,,,,,,,,,5.51,0.17,0.06,8.01,0.02,BD <0.02,,5.51,0.17,0.06,0.02,0.014142136
322,Honolua.bay.middle_43629,,,,,,,,,5.53,0.21,0.09,6.27,0.22,0.17,,5.53,0.21,0.09,0.22,0.17
323,Honolua.bay.left.muliwai_43629,,,,,,,,,4.68,0.18,0.11,22.52,0.33,0.21,,4.68,0.18,0.11,0.33,0.21
324,Honolua.Kahawai.uka_43480,18.73,116.73,10.81,77.9,0.04,6.59,,,BDL<5,,0.06,,1.03,1.71,73.3,3.5,,0.06,1.03,1.71
325,Honolua.Kai_43480,19.63,64.97,5.86,103.37,0.05,6.23,,,7.6,,0.21,,1.93,3.86,162.6,7.6,,0.21,1.93,3.86
326,Honolua.Kamaloi_43480,18.8,120.07,11.18,77.9,0.04,6.59,,,BDL<5,,0.13,,2.27,1.67,124.2,3.5,,0.13,2.27,1.67
327,Lahina.Mokuula_43483,26.8,39.1,3.05,8457,4.69,7.63,,,12.3,,3.17,,2.31,8.78,74.1,12.3,,3.17,2.31,8.78
328,Kiowaiokihawahina_43481,14,88.2,9,34.6,0.01,4.08,,,5.5,,0.08,,1.23,0.65,260.3,5.5,,0.08,1.23,0.65
329,Summit.wai.200m.300m_43481,11.6,76.5,8.15,167.4,0.08,4.17,,,36.9,,0.16,,1.24,2.51,1118,36.9,,0.16,1.24,2.51
330,KalepaB.Kope.muliwai_43476,23.73,55.97,4.37,24512.33,,7.55,,,37.3,,2.87,,4.26,12.41,356.7,37.3,,2.87,4.26,12.41
331,KalepaA.muliwai_43476,25.73,105.97,7.69,34434,,6.05,,,95.7,,2.51,,83.32,7.8,134.1,95.7,,2.51,83.32,7.8
332,Waihee.muliwai_43476,19.98,124.4,11.32,85.42,,7.35,,,BDL<5,,0.34,,2.18,1.28,54.9,3.5,,0.34,2.18,1.28
333,Waiehu.Auwai.Low.Loi.E_43479,21.5,98.3,8.67,92.1,0.04,5.98,,,14.9,,0.93,,2.31,4.33,144.1,14.9,,0.93,2.31,4.33
334,Waiehu.loi.Auwai.Pipe_43479,19.2,175.6,16.21,87,0.04,7.2,,,BDL<5,,0.62,,2.53,0.64,51.4,3.5,,0.62,2.53,0.64
335,Nohoana.Auwai.low_43479,18.37,134.47,12.63,109.73,0.05,7.55,,,11.1,,0.74,,8.7,1.59,45.9,11.1,,0.74,8.7,1.59
336,Nohoana.Auwai.up_43479,18.6,127.15,11.89,135.5,0.06,6.74,,,10.7,,0.74,,8.47,2.18,46.6,10.7,,0.74,8.47,2.18
337,Nohoana.Hoiwai_43479,19,129.1,11.97,135.4,0.06,7.65,,,10.2,,0.88,,8.44,1.77,73.3,10.2,,0.88,8.44,1.77
338,Waikapu.stream_43479,18.2,121.17,11.43,135.4,0.06,7.19,,,9.5,,0.49,,7.27,1.16,52.5,9.5,,0.49,7.27,1.16
339,Kahua_Waipunalau_42948,,,,,,,,,,,,,,,,,,,,
340,Kahua_Waipunalau_43854,,,,,,,,,18.25,0.61,0.41,,13.13,ND<0.36,74.21,18.25,0.61,0.41,13.13,0.25
341,Kalapahapuu_43068,,,,,,,,,,,,,,,,,,,,
342,Kalapahapuu_43491,,,,,,,,,65.02,2.5,0.08,,37.87,ND<0.36,414.17,65.02,2.5,0.08,37.87,0.25
343,Kalapahapuu_43516,,,,,,,,,51.36,0.53,0.07,,13.8,ND<0.36,234.16,51.36,0.53,0.07,13.8,0.25
344,Kalapahapuu_43569,,,,,,,,,135.5,ND<0.25,0.03,,4.34,56.44,239.5,135.5,0.18,0.03,4.34,56.44
345,Kalapahapuu_43840,,,,,,,,,42.29,0.66,0.07,,30.34,ND<0.36,462,42.29,0.66,0.07,30.34,0.25
346,Kalapahapuu_43892,,,,,,,,,72.85,0.53,0.28,,58.37,2.98,227.41,72.85,0.53,0.28,58.37,2.98
347,KaluaoLono_punawai_Lepelau_43847,,,,,,,,,68.05,0.6,0.07,,60.59,ND<0.36,92.55,68.05,0.6,0.07,60.59,0.25
348,KaluaoLono_punawai_Lepelau_43902,,,,,,,,,61.86,0.27,ND,,57.84,1.2,81.75,61.86,0.27,0.02,57.84,1.2
349,Koholalele_43601,,,,,,,,,24.93,ND<0.25,ND<0.03,,3.9,0.96,152,24.93,0.18,0.02,3.9,0.96
350,Koholalele_Kai_43491,,,,,,,,,13.66,ND<0.25,ND<0.03,,0.51,ND<0.03,109.54,13.66,0.18,0.02,0.51,0.02
351,Koholalele_Kai_43516,,,,,,,,,13.21,ND<0.25,ND<0.03,,ND<0.07,ND<0.03,110.87,13.21,0.18,0.02,0.05,0.02
352,Koholalele_Kai_43545,,,,,,,,,36.53,ND<0.25,ND<0.03,,3.77,1.1,178.1,36.53,0.18,0.02,3.77,1.1
353,Koholalele_Kai_43569,,,,,,,,,22.38,ND<0.25,ND<0.03,,0.39,1.47,148.6,22.38,0.18,0.02,0.39,1.47
354,Koholalele_Kai_43630,,,,,,,,,65.03,ND<0.25,ND<0.03,,13.15,12.31,205.2,65.03,0.18,0.02,13.15,12.31
355,Koholalele_Kai_43663,,,,,,,,,23.59,0.51,0.25,,0.53,0.67,192.7,23.59,0.51,0.25,0.53,0.67
356,Koholalele_Kai_43718,,,,,,,,,21.39,0.51,0.1,,0.46,2.59,145.93,21.39,0.51,0.1,0.46,2.59
357,Koholalele_Kai_43755,,,,,,,,,15.08,0.58,0.11,,0.57,ND<0.36,190.55,15.08,0.58,0.11,0.57,0.25
358,Koholalele_Kai_43780,,,,,,,,,21.58,0.27,0.04,,0.59,0.7,488.1,21.58,0.27,0.04,0.59,0.7
359,Koholalele_Kai_43812,,,,,,,,,12.98,ND<0.25,0.05,,0.39,ND<0.36,177.9,12.98,0.18,0.05,0.39,0.25
360,Koholalele_Kai_43844,,,,,,,,,10.56,0.34,0.09,,0.63,ND<0.36,127.3,10.56,0.34,0.09,0.63,0.25
361,Koholalele_Kai_43844,,,,,,,,,11.76,0.36,0.07,,0.59,ND<0.36,122.8,11.76,0.36,0.07,0.59,0.25
362,Koholalele_Kai_43867,,,,,,,,,9.82,ND<0.25,0.07,,0.46,ND<0.36,175.4,9.82,0.18,0.07,0.46,0.25
363,Koholalele_Kai_43902,,,,,,,,,12.27,ND,ND,,0.55,1.41,151.12,12.27,0.18,0.02,0.55,1.41
364,Koholalele_Kai_43931,,,,,,,,,10.92,ND,ND,,0.48,0.95,143.48,10.92,0.18,0.02,0.48,0.95
365,Koholalele_Kai_43957,,,,,,,,,12.98,ND,ND,,0.71,0.77,155.64,12.98,0.18,0.02,0.71,0.77
366,Koholalele_Kai_43990,,,,,,,,,,,,,,,,,,,,
367,Koholalele_Kai_44021,,,,,,,,,,,,,,,,,,,,
368,Koholalele_Kai_44047,,,,,,,,,,,,,,,,,,,,
369,Lepelau_43068,,,,,,,,,,,,,,,,,,,,
370,Lepelau_43075,,,,,,,,,,,,,,,,,,,,
371,Lepelau_43491,,,,,,,,,46.87,ND<0.25,0.08,,29.86,ND<0.36,345.2,46.87,0.18,0.08,29.86,0.25
372,Lepelau_43516,,,,,,,,,63.46,1.19,0.07,,32.06,ND<0.36,283.3,63.46,1.19,0.07,32.06,0.25
373,Lepelau_43569,,,,,,,,,50.37,0.38,0.12,,3.98,7.39,399.9,50.37,0.38,0.12,3.98,7.39
374,Lepelau_43718,,,,,,,,,69.59,1.31,0.16,,0.86,3.72,1045.2,69.59,1.31,0.16,0.86,3.72
375,Lepelau_43795,,,,,,,,,198.1,2.81,0.04,,119.85,8.16,110900,198.1,2.81,0.04,119.85,8.16
376,Lepelau_43840,,,,,,,,,56.51,0.61,0.14,,43.43,2.23,448.8,56.51,0.61,0.14,43.43,2.23
377,Lepelau_43892,,,,,,,,,42.85,ND,0.06,,27,3.45,306.61,42.85,0.18,0.06,27,3.45
378,Waihalulu_42952,,,,,,,,,,,,,,,,,,,,
379,Waihalulu_43491,,,,,,,,,11.53,0.58,0.2,,4.12,ND<0.36,70.84,11.53,0.58,0.2,4.12,0.25
380,Waihalulu_43516,,,,,,,,,7.49,ND<0.25,0.05,,0.68,ND<0.36,57.75,7.49,0.18,0.05,0.68,0.25
381,Waihalulu_43545,,,,,,,,,11.51,0.49,0.24,,0.94,ND<0.36,68.28,11.51,0.49,0.24,0.94,0.25
382,Waihalulu_43569,,,,,,,,,61.89,0.59,0.09,,1.6,16.42,367.8,61.89,0.59,0.09,1.6,16.42
383,Waihaluu_43601,,,,,,,,,25.4,0.37,0.18,,2.03,4.78,83.65,25.4,0.37,0.18,2.03,4.78
384,Waihaluu_43663,,,,,,,,,21.37,0.58,0.33,,1.35,ND<0.36,179.9,21.37,0.58,0.33,1.35,0.25
385,Waihalulu_43718,,,,,,,,,6.06,0.59,0.18,,1.04,0.6,46.48,6.06,0.59,0.18,1.04,0.6
386,Waihalulu_43755,,,,,,,,,19.15,0.72,0.15,,2.23,6.39,116.36,19.15,0.72,0.15,2.23,6.39
387,Waihalulu_43780,,,,,,,,,42.33,0.36,0.21,,0.96,23.93,293.3,42.33,0.36,0.21,0.96,23.93
388,Waihalulu_43811,,,,,,,,,29.77,ND<0.25,0.07,,0.61,18.46,147,29.77,0.18,0.07,0.61,18.46
389,Waihalulu_43844,,,,,,,,,43.29,0.52,0.1,,21.47,0.82,100.2,43.29,0.52,0.1,21.47,0.82
390,Waihalulu_43867,,,,,,,,,10.59,0.56,0.27,,5.46,0.52,96.51,10.59,0.56,0.27,5.46,0.52
391,Waihalulu_43892,,,,,,,,,16.47,0.5,0.25,,5.83,4.49,107.1,16.47,0.5,0.25,5.83,4.49
392,Waihalulu_43902,,,,,,,,,10.91,0.48,0.12,,2.58,2.76,34.5,10.91,0.48,0.12,2.58,2.76
393,Waihalulu_43931,,,,,,,,,5.67,0.37,0.08,,1.06,1.77,56.38,5.67,0.37,0.08,1.06,1.77
394,Waihalulu_43957,,,,,,,,,8.6,0.31,ND,,0.9,0.59,36.49,8.6,0.31,0.02,0.9,0.59
395,Waihalulu_43990,,,,,,,,,,,,,,,,,,,,
396,Waihalulu_44021,,,,,,,,,,,,,,,,,,,,
397,Waihalulu_44047,,,,,,,,,,,,,,,,,,,,
398,Waipunalau_Paauilo_42948,,,,,,,,,,,,,,,,,,,,
399,Waipunalau_Pakii_42948,,,,,,,,,,,,,,,,,,,,
400,Waipunalau_Pakii_43780,,,,,,,,,12.58,0.42,0.1,,2.54,ND<0.36,435.7,12.58,0.42,0.1,2.54,0.25